Car_ID,Brand,Model_Name,Variant,Year_of_Manufacture,Body_Type,Segment,Platform_Type,Battery_Chemistry,Battery_Capacity_KWH,Usable_Battery_Capacity_KWH,Battery_Warranty_Years,Battery_Warranty_KM,Battery_Degradation_Percent_5Years,Battery_Thermal_Management,Cell_Supplier,Battery_Pack_Location,Motor_Type,Motor_Count,Peak_Power_KW,Peak_Power_BHP,Continuous_Power_KW,Peak_Torque_NM,Regenerative_Braking_Levels,Drive_Type,ARAI_Certified_Range_KM,Real_World_Range_City_KM,Real_World_Range_Highway_KM,Range_Per_KWH,Energy_Consumption_WH_Per_KM,DC_Fast_Charge_Max_KW,DC_Fast_Charge_10_80_Min,AC_Charge_KW,AC_Charge_0_100_Hours,Home_Charging_Time_Hours_15A,Charge_Port_Type,Charge_Port_Location,V2L_Vehicle_to_Load,V2H_Vehicle_to_Home,Preconditioning_Battery,Seating_Capacity,Number_of_Doors,Length_MM,Width_MM,Height_MM,Wheelbase_MM,Ground_Clearance_MM,Kerb_Weight_KG,Boot_Space_Litres,Frunk_Space_Litres,Drag_Coefficient,Turning_Radius_M,Top_Speed_KMPH,Acceleration_0_100_Sec,Drive_Modes_Count,Airbags_Count,ABS,EBD,Traction_Control,Electronic_Stability_Control,Hill_Assist,ADAS_Level,NCAP_Safety_Rating,Autonomous_Emergency_Braking,Lane_Keep_Assist,Blind_Spot_Monitor,Adaptive_Cruise_Control,Parking_Sensors,Camera_360_Degree,Pedestrian_Detection,Battery_Isolation_System,IP_Rating_Battery,Infotainment_Screen_Inches,Digital_Instrument_Cluster_Inches,Apple_CarPlay,Android_Auto,Connected_Car_App,OTA_Updates,Voice_Assistant,Wireless_Charging,Sunroof_Type,Climate_Control_Zones,Heat_Pump_AC,Keyless_Entry,Push_Button_Start,Ventilated_Seats,Heated_Seats,Electric_Seat_Adjustment,Ambient_Lighting,Powered_Tailgate,Air_Purifier,Smart_Key_Band,Alloy_Wheel_Size_Inches,LED_Headlamps,DRL,Auto_Headlamps,Rain_Sensing_Wipers,ORVM_Auto_Fold,Flush_Door_Handles,Aero_Wheel_Covers,Roof_Rails,Ex_Showroom_Price_INR,On_Road_Price_INR,Effective_Price_After_Subsidy_INR,Central_Govt_Subsidy_INR,State_Subsidy_INR,Road_Tax_INR,Registration_Charges_INR,TCS_Applicable,Insurance_Cost_Annual_INR,Price_Per_KWH_Battery_INR,Competitor_1_Name,Competitor_1_Price_INR,Competitor_2_Name,Competitor_2_Price_INR,Competitor_3_Name,Competitor_3_Price_INR,Competitor_4_Name,Competitor_4_Price_INR,Total_Cost_of_Ownership_5Year_INR,Running_Cost_Per_KM_INR,Annual_Maintenance_Cost_INR,Electricity_Cost_Per_Full_Charge_INR,Home_Charging_Monthly_Cost_INR,Public_Charging_Monthly_Cost_INR,Warranty_Years_Vehicle,Warranty_KM_Vehicle,Extended_Warranty_Available,Free_Service_Count,Resale_Value_Percent_3Years,Resale_Value_Percent_5Years,Subscription_Model_Available,Battery_Lease_Option,City,State,Region,Customer_Age_Group,Customer_Gender,Customer_Income_Bracket,Customer_Occupation,Family_Size,Purchase_Purpose,First_Time_EV_Buyer,Previous_Vehicle_Fuel_Type,Range_Anxiety_Score,Home_Charging_Feasibility,Workplace_Charging_Available,Daily_Commute_KM,Monthly_Running_KM,Environmental_Consciousness_Score,Tech_Savviness_Score,Finance_Availed,Loan_Tenure_Months,EMI_Amount_INR,Down_Payment_Percent,Customer_Sentiment_Score,Social_Media_Mentions_Monthly,Online_Review_Rating,Brand_Perception_Score,EV_Brand_Trust_Score,Customer_Satisfaction_Index,Purchase_Intent_Score,Test_Drive_Conversion_Rate,Website_Visits_Monthly,Enquiry_Count_Monthly,Booking_Count_Monthly,Waiting_Period_Weeks,Production_Volume_Monthly,Inventory_Days,Market_Share_Percent_EV_Segment,YoY_Sales_Growth_Percent,EV_Penetration_Rate_City,Seasonal_Demand_Index,Festive_Season_Flag,Launch_Month,Months_Since_Launch,Generation,GDP_Growth_Rate,Inflation_Rate,Electricity_Rate_Per_Unit_INR,Petrol_Price_Per_Litre_INR,Diesel_Price_Per_Litre_INR,Interest_Rate_Auto_Loan,Interest_Rate_Green_Loan,Urban_Rural,Charging_Stations_Within_5KM,Charging_Stations_City_Total,Fast_Charger_Availability_Percent,Highway_Charger_Coverage_Percent,Swappable_Battery_Stations,Renewable_Energy_Grid_Percent,Campaign_Spend_Monthly_INR,Digital_Ad_Spend_Percent,Social_Media_Ad_Percent,Influencer_Marketing_Flag,EV_Awareness_Campaign_Flag,Test_Drive_Home_Delivery,Referral_Program_Active,Green_Positioning_Score,Color,Number_of_Colors_Available,Accessories_Package_Value_INR,Target_Monthly_Sales,Actual_Monthly_Sales,Price_Sensitivity_Index,Demand_Elasticity,Willingness_to_Pay_Max_INR,ICE_Equivalent_Price_INR,Price_Premium_Over_ICE_Percent,Breakeven_KM_vs_Petrol,CO2_Savings_Annual_KG,Recommended_Price_INR
EV001,Tata,Tiago EV,Smart 19kWh,2024,Hatchback,Mini,Modified ICE,LFP,19.2,18,8,160000,10,Air Cooled,Gotion High-Tech,Under Floor,Permanent Magnet Synchronous,1,55,75,35,114,3,FWD,250,200,170,10.4,96,NA,NA,3.3,6,10,CCS2,Front Left,No,No,No,5,5,3770,1677,1536,2400,165,1110,240,0,0.35,5.1,120,12.5,3,6,Yes,Yes,Yes,Yes,No,None,4,No,No,No,No,Rear,No,No,Yes,IP67,7,7,Yes,Yes,Yes,No,No,No,None,Manual,No,No,No,No,No,No,No,No,No,No,14,Yes,Yes,No,No,No,No,No,No,699000,820000,599000,100000,0,0,8000,No,22000,36406,MG Comet EV,780000,Citroen eC3,1199000,Tata Punch EV,969000,NA,NA,1200000,0.8,5000,135,1500,2200,8,160000,Yes,5,58,45,No,No,Kolkata,West Bengal,East,22-30,Female,5-10 LPA,Salaried,2,Daily Commute,Yes,Petrol,5.0,Yes,No,25,800,7.0,7.5,Yes,60,13000,20,7.5,65000,4.2,82,80,78,7.5,28,180000,6500,1800,2,8000,15,8.5,45,5.2,1.0,No,January,30,1st Gen,6.5,5.2,6.5,103.5,89.5,8.5,8.0,Urban,5,120,25,18,0,18,4000000,50,18,Yes,Yes,No,Yes,7.5,White,5,15000,8000,8500,7.5,2.0,850000,550000,27.1,25000,1200,725000
EV002,Tata,Tiago EV,Techno+ 24kWh,2024,Hatchback,Mini,Modified ICE,LFP,24,22.5,8,160000,10,Air Cooled,Gotion High-Tech,Under Floor,Permanent Magnet Synchronous,1,55,75,35,114,3,FWD,315,255,220,10.6,94,50,57,7.2,4,7,CCS2,Front Left,No,No,No,5,5,3770,1677,1536,2400,165,1148,240,0,0.35,5.1,120,12.5,3,6,Yes,Yes,Yes,Yes,No,None,4,No,No,No,No,Rear,No,No,Yes,IP67,7,7,Yes,Yes,Yes,Yes,Yes,Yes,None,Auto,No,Yes,Yes,No,No,No,No,No,No,No,15,Yes,Yes,Yes,No,Yes,No,No,No,999000,1150000,899000,100000,0,0,10000,No,28000,41625,MG Comet EV,780000,Citroen eC3,1199000,Tata Punch EV,969000,NA,NA,1450000,0.9,6000,168,2000,3000,8,160000,Yes,5,60,48,No,No,Delhi,Delhi NCR,North,25-35,Male,8-15 LPA,Salaried,3,Daily Commute,Yes,Petrol,4.2,Yes,Yes,30,1000,7.5,8.0,Yes,60,18500,20,7.8,65000,4.3,82,80,79,7.8,30,180000,6500,1800,3,8000,15,8.5,50,7.5,1.05,No,January,30,1st Gen,6.5,5.2,7.5,103.5,89.5,8.5,8.0,Urban,8,280,30,22,0,20,4000000,50,18,Yes,Yes,No,Yes,7.8,Teal,5,20000,8000,8500,7.0,1.9,1100000,650000,53.7,30000,1400,975000
EV003,MG,Comet EV,Play,2024,Hatchback,Micro,Dedicated EV,LFP,17.3,16.5,8,120000,10,Air Cooled,CATL,Under Floor,Permanent Magnet Synchronous,1,30,42,20,110,2,FWD,230,180,150,10.6,94,NA,NA,3.3,7,9,Type 2,Front,No,No,No,4,3,2974,1505,1640,2010,165,828,150,0,0.36,4.2,100,15.0,2,4,Yes,Yes,No,No,No,None,3,No,No,No,No,Rear,No,No,Yes,IP67,10.25,NA,Yes,Yes,Yes,No,Yes,No,None,Manual,No,Yes,Yes,No,No,No,No,No,No,No,12,Yes,Yes,No,No,Yes,No,No,No,780000,920000,680000,100000,0,0,7000,No,18000,45087,Tata Tiago EV,699000,Citroen eC3,1199000,NA,NA,NA,NA,1100000,0.7,4500,120,1200,1800,3,120000,Yes,3,50,38,No,No,Bangalore,Karnataka,South,22-28,Female,5-12 LPA,Student,1,City Commute,Yes,Two-Wheeler,3.5,No,Yes,15,500,8.0,8.5,No,36,22000,15,7.2,55000,4.0,72,70,72,7.0,22,150000,5500,1400,2,5000,18,5.2,60,8.5,1.1,No,April,26,1st Gen,6.5,5.2,7.0,103.5,89.5,8.5,8.0,Urban,6,380,32,25,0,22,3500000,55,22,Yes,Yes,No,No,7.0,Green,6,10000,5000,4800,8.0,2.2,950000,450000,73.3,20000,900,800000
EV004,Tata,Punch EV,Adventure 25kWh,2024,SUV,Micro SUV,Dedicated EV (Acti.ev),LFP,25,23.8,8,160000,10,Active Liquid Cooling,Gotion High-Tech,Skateboard,Permanent Magnet Synchronous,1,60,82,40,114,3,FWD,315,260,225,10.6,94,NA,NA,3.3,6,10,CCS2,Front Left,No,No,No,5,5,3827,1742,1615,2445,190,1196,366,0,0.33,5.2,120,12.0,3,6,Yes,Yes,Yes,Yes,Yes,None,4,No,No,No,No,Rear,No,No,Yes,IP67,10.25,7,Yes,Yes,Yes,No,No,No,None,Manual,No,Yes,Yes,No,No,No,No,No,No,No,16,Yes,Yes,No,No,No,No,No,Yes,969000,1120000,869000,100000,0,0,10000,No,28000,38760,MG Comet EV,780000,Tata Tiago EV,699000,Citroen eC3,1199000,NA,NA,1550000,0.9,7000,175,1800,2800,8,160000,Yes,5,60,48,No,No,Chennai,Tamil Nadu,South,25-35,Male,8-15 LPA,Salaried,3,Daily Commute,Yes,Petrol,4.5,Yes,Yes,30,1000,7.5,8.0,Yes,60,18000,20,8.0,72000,4.4,84,82,80,8.0,30,200000,7500,2100,2,7000,14,10.5,70,7.0,1.05,No,February,5,1st Gen,6.5,5.2,6.5,103.5,89.5,8.5,8.0,Urban,7,250,30,22,0,20,5500000,52,20,Yes,Yes,Yes,Yes,8.0,Fearless Purple,7,20000,5000,5500,7.0,1.8,1150000,750000,29.2,35000,1500,1000000
EV005,Tata,Punch EV,Empowered+ 35kWh,2024,SUV,Micro SUV,Dedicated EV (Acti.ev),LFP,35,33.3,8,160000,12,Active Liquid Cooling,Gotion High-Tech,Skateboard,Permanent Magnet Synchronous,1,90,122,60,190,4,FWD,421,350,300,10.5,95,50,56,7.2,5.5,9.5,CCS2,Front Left,Yes,No,Yes,5,5,3827,1742,1615,2445,190,1279,366,0,0.33,5.2,150,9.5,4,6,Yes,Yes,Yes,Yes,Yes,Level 1,4,Yes,No,No,No,Rear,No,No,Yes,IP67,10.25,7,Yes,Yes,Yes,Yes,Yes,Yes,None,Auto,No,Yes,Yes,No,No,No,No,No,No,No,16,Yes,Yes,Yes,Yes,Yes,No,No,Yes,1259000,1450000,1159000,100000,0,0,12000,No,35000,35971,Tata Tiago EV,999000,MG Comet EV,780000,Citroen eC3,1199000,Nexon EV,1249000,1850000,1.0,7500,245,2500,3800,8,160000,Yes,5,62,50,No,No,Mumbai,Maharashtra,West,28-38,Male,10-20 LPA,Professional,3,Family + Commute,Yes,Petrol,3.8,Yes,Yes,35,1200,8.0,8.5,Yes,60,24000,20,8.2,72000,4.5,84,82,81,8.2,32,200000,7500,2200,3,7000,15,12.0,80,8.2,1.1,No,February,5,1st Gen,6.5,5.2,7.5,103.5,89.5,8.5,8.0,Urban,10,310,35,28,0,22,6000000,55,20,Yes,Yes,Yes,Yes,8.2,Blue,7,25000,5000,5500,6.5,1.6,1450000,850000,48.1,40000,1700,1275000
EV007,Tata,Nexon EV,Creative+ MR 30kWh,2024,SUV,Compact SUV,Modified ICE,LFP,30,28.5,8,160000,12,Active Liquid Cooling,Gotion High-Tech,Under Floor,Permanent Magnet Synchronous,1,95,129,60,215,4,FWD,325,275,235,9.6,104,50,57,7.2,5,8,CCS2,Front Left,No,No,Yes,5,5,3993,1811,1616,2498,205,1520,350,0,0.34,5.3,140,9.2,4,6,Yes,Yes,Yes,Yes,Yes,Level 1,5,Yes,No,No,No,Rear,No,No,Yes,IP67,10.25,7,Yes,Yes,Yes,Yes,Yes,Yes,None,Dual Zone,No,Yes,Yes,No,No,No,No,No,No,No,16,Yes,Yes,Yes,Yes,Yes,No,No,Yes,1249000,1440000,1149000,100000,0,0,12000,No,38000,41633,Mahindra XUV400,1549000,MG Windsor EV,1410000,MG ZS EV,2499000,Tata Punch EV,1259000,1900000,1.1,9000,210,2500,3800,8,160000,Yes,4,62,50,No,No,Hyderabad,Telangana,South,28-40,Male,10-20 LPA,Professional,4,Family,Yes,Diesel,3.5,Yes,Yes,40,1400,8.0,8.2,Yes,60,24000,20,8.3,85000,4.4,85,84,82,8.2,30,180000,6500,1800,4,7500,18,15.0,55,7.0,1.05,No,March,28,2nd Gen,6.5,5.2,7.0,103.5,89.5,8.5,8.0,Urban,12,280,35,28,0,22,7000000,48,20,Yes,Yes,Yes,Yes,8.3,Pristine White,9,30000,7500,8000,6.5,1.5,1450000,1050000,19.0,38000,1800,1275000
EV008,Tata,Nexon EV,Fearless+ LR 45kWh,2024,SUV,Compact SUV,Modified ICE,NMC,45,42.5,8,160000,14,Active Liquid Cooling,Gotion High-Tech,Under Floor,Permanent Magnet Synchronous,1,105,143,65,215,4,FWD,489,400,340,9.4,106,50,56,7.2,6.5,11,CCS2,Front Left,Yes,No,Yes,5,5,3993,1811,1616,2498,205,1560,350,0,0.34,5.3,150,8.9,4,6,Yes,Yes,Yes,Yes,Yes,Level 1,5,Yes,No,No,No,Front and Rear,Yes,No,Yes,IP67,12.3,10.25,Yes,Yes,Yes,Yes,Yes,Yes,Electric,Dual Zone,Yes,Yes,Yes,Yes,No,Driver,Yes,No,Yes,No,16,Yes,Yes,Yes,Yes,Yes,No,No,Yes,1769000,2020000,1669000,100000,0,0,18000,No,48000,39311,Mahindra XUV400,1599000,MG ZS EV,2499000,MG Windsor EV,1410000,BYD Atto 3,2499000,2350000,1.2,9500,315,3200,4800,8,160000,Yes,4,60,48,No,No,Bangalore,Karnataka,South,30-42,Female,12-25 LPA,Professional,4,Family + Commute,Yes,Diesel,3.0,Yes,Yes,45,1500,8.5,8.5,Yes,60,34000,20,8.5,85000,4.5,85,84,83,8.5,32,180000,6800,1900,5,7500,18,15.0,60,8.5,1.1,No,March,28,2nd Gen,6.5,5.2,7.5,103.5,89.5,8.5,8.0,Urban,15,380,40,32,0,24,7000000,50,22,Yes,Yes,Yes,Yes,8.5,Teal Blue,9,35000,7500,8000,6.2,1.4,2000000,1250000,41.5,42000,2000,1800000
EV009,Tata,Curvv EV,Creative+ 45kWh,2024,SUV,Compact SUV Coupe,Dedicated EV (Acti.ev),LFP,45,42.5,8,160000,12,Active Liquid Cooling,Gotion High-Tech,Skateboard,Permanent Magnet Synchronous,1,125,167,75,215,4,FWD,502,390,330,9.2,109,70,40,7.2,6.5,11,CCS2,Front Left,Yes,No,Yes,5,5,4310,1810,1630,2560,190,1610,500,0,0.32,5.2,160,8.6,4,6,Yes,Yes,Yes,Yes,Yes,Level 2,5,Yes,Yes,No,Yes,Front and Rear,Yes,Yes,Yes,IP67,12.3,10.25,Yes,Yes,Yes,Yes,Yes,Yes,Panoramic,Dual Zone,Yes,Yes,Yes,Yes,Yes,Driver,Yes,Yes,Yes,No,17,Yes,Yes,Yes,Yes,Yes,No,No,Yes,1749000,2000000,1649000,100000,0,0,15000,No,45000,38844,Nexon EV LR,1769000,Mahindra XUV400,1599000,MG ZS EV,2499000,MG Windsor EV,1860000,2200000,1.2,9000,315,3200,4800,8,160000,Yes,4,62,50,No,No,Pune,Maharashtra,West,30-42,Male,15-25 LPA,Professional,4,Family + Premium,Yes,Petrol,3.2,Yes,Yes,40,1400,8.5,9.0,Yes,60,33000,20,8.6,95000,4.5,86,85,84,8.5,33,210000,7200,2000,5,6500,16,10.2,90,8.0,1.1,No,August,11,1st Gen,6.5,5.2,7.5,103.5,89.5,8.5,8.0,Urban,12,310,38,30,0,24,7500000,52,22,Yes,Yes,Yes,Yes,8.8,Virtual Sunrise,8,35000,6500,7000,6.0,1.4,2050000,1350000,29.6,40000,1900,1775000
EV010,Tata,Curvv EV,Empowered+ 55kWh,2024,SUV,Compact SUV Coupe,Dedicated EV (Acti.ev),NMC,55,52,8,160000,14,Active Liquid Cooling,Gotion High-Tech,Skateboard,Permanent Magnet Synchronous,1,125,167,75,215,4,FWD,585,470,400,9.0,111,70,40,7.2,8,13,CCS2,Front Left,Yes,No,Yes,5,5,4310,1810,1630,2560,190,1680,500,0,0.32,5.2,160,8.6,4,6,Yes,Yes,Yes,Yes,Yes,Level 2,5,Yes,Yes,No,Yes,Front and Rear,Yes,Yes,Yes,IP67,12.3,10.25,Yes,Yes,Yes,Yes,Yes,Yes,Panoramic,Dual Zone,Yes,Yes,Yes,Yes,Yes,Driver and Passenger,Yes,Yes,Yes,No,18,Yes,Yes,Yes,Yes,Yes,No,No,Yes,2449000,2800000,2349000,100000,0,0,20000,Yes,55000,44527,MG ZS EV,2499000,BYD Atto 3,2499000,Hyundai Creta EV,2382000,Mahindra BE 6,1890000,2750000,1.3,9500,385,3800,5800,8,160000,Yes,4,60,48,No,No,Delhi,Delhi NCR,North,32-45,Male,20-35 LPA,Business,4,Premium + Family,No,Petrol,2.8,Yes,Yes,50,1600,8.8,9.2,Yes,48,50000,25,8.7,95000,4.6,86,85,85,8.7,34,210000,7200,2000,6,5000,18,8.5,95,9.5,1.15,No,August,11,1st Gen,6.5,5.2,7.5,103.5,89.5,8.5,8.0,Urban,18,420,45,35,0,26,7500000,55,22,Yes,Yes,Yes,Yes,9.0,Flame Red,8,45000,5000,5200,5.8,1.3,2750000,1500000,63.3,42000,2100,2500000
EV011,Mahindra,XUV400,EC Pro 34.5kWh,2024,SUV,Compact SUV,Modified ICE,LFP,34.5,32.5,8,150000,12,Active Liquid Cooling,LG Energy Solution,Under Floor,Permanent Magnet Synchronous,1,110,150,70,310,3,FWD,375,310,265,9.5,105,50,50,3.3,10.5,14,CCS2,Front Left,No,No,No,5,5,4200,1821,1627,2600,180,1560,378,0,0.35,5.3,150,8.3,3,6,Yes,Yes,Yes,Yes,Yes,None,5,No,No,No,No,Rear,No,No,Yes,IP67,10.25,7,Yes,Yes,Yes,No,No,No,None,Manual,No,Yes,Yes,No,No,No,No,No,No,No,16,Yes,Yes,No,No,No,No,No,Yes,1549000,1780000,1449000,100000,0,0,14000,No,40000,44899,Tata Nexon EV,1249000,Tata Curvv EV,1749000,MG Windsor EV,1410000,Tata Punch EV,1259000,2000000,1.2,9000,242,2400,3600,5,150000,Yes,3,55,42,No,No,Jaipur,Rajasthan,North,30-42,Male,10-20 LPA,Business,5,Family,Yes,Petrol,4.2,Yes,No,45,1500,7.2,7.0,Yes,60,28000,20,7.2,42000,4.0,80,72,74,7.0,24,95000,3500,850,4,4500,25,5.8,40,4.5,0.95,No,January,18,1st Gen,6.5,5.2,7.0,103.5,89.5,8.5,8.0,Semi-Urban,4,80,22,15,0,16,4000000,42,18,Yes,Yes,No,No,7.2,Red,7,25000,4500,4000,7.5,1.7,1750000,1050000,47.5,42000,1800,1500000
EV012,Mahindra,XUV400,EL Pro LR 39.4kWh,2024,SUV,Compact SUV,Modified ICE,NMC,39.4,37.5,8,150000,14,Active Liquid Cooling,LG Energy Solution,Under Floor,Permanent Magnet Synchronous,1,110,150,70,310,3,FWD,456,375,320,9.5,105,50,50,7.2,6.5,11,CCS2,Front Left,No,No,Yes,5,5,4200,1821,1627,2600,180,1590,378,0,0.35,5.3,150,8.3,3,6,Yes,Yes,Yes,Yes,Yes,Level 1,5,Yes,No,No,No,Front and Rear,Yes,No,Yes,IP67,10.25,7,Yes,Yes,Yes,Yes,Yes,Yes,Single Pane,Auto,No,Yes,Yes,No,No,No,No,No,No,No,16,Yes,Yes,Yes,Yes,Yes,No,No,Yes,1599000,1850000,1499000,100000,0,0,15000,No,42000,40558,Tata Nexon EV,1769000,MG ZS EV,2499000,MG Windsor EV,1410000,Tata Curvv EV,1749000,2200000,1.3,9000,275,2800,4200,5,150000,Yes,3,55,42,No,No,Lucknow,Uttar Pradesh,North,32-45,Male,12-20 LPA,Salaried,4,Family + Commute,Yes,Diesel,3.8,Yes,No,50,1600,7.5,7.5,Yes,60,30000,20,7.5,42000,4.1,80,74,76,7.2,25,95000,3800,900,5,4500,28,6.8,50,4.0,0.95,No,January,18,1st Gen,6.5,5.2,7.0,103.5,89.5,8.5,8.0,Semi-Urban,5,100,25,18,0,16,4000000,42,18,Yes,Yes,No,No,7.5,White,7,30000,4500,4000,7.2,1.6,1800000,1100000,45.4,45000,1900,1550000
EV013,MG,Windsor EV,Excite,2024,SUV,Crossover MPV,Dedicated EV,LFP,38,36,8,150000,12,Active Liquid Cooling,CATL,Under Floor,Permanent Magnet Synchronous,1,100,136,65,200,4,FWD,331,275,235,7.6,131,60,40,7.2,5.5,9,CCS2,Front Left,No,No,Yes,5,5,4295,1850,1677,2700,185,1530,604,0,0.33,5.3,170,8.8,4,6,Yes,Yes,Yes,Yes,Yes,Level 1,4,Yes,No,No,No,Front and Rear,Yes,No,Yes,IP67,15.6,8.8,Yes,Yes,Yes,Yes,Yes,Yes,Panoramic,Dual Zone,No,Yes,Yes,No,No,No,Yes,No,Yes,No,18,Yes,Yes,Yes,Yes,Yes,No,No,Yes,1410000,1650000,1310000,100000,0,0,13000,No,38000,37105,Tata Nexon EV,1249000,Tata Curvv EV,1749000,Mahindra XUV400,1549000,MG ZS EV,2499000,1900000,1.1,8500,266,2600,4000,3,150000,Yes,3,55,42,Yes,No,Chandigarh,Punjab,North,28-38,Male,10-20 LPA,Salaried,4,Family,Yes,Petrol,4.0,Yes,No,35,1200,7.5,8.0,Yes,60,26000,20,7.8,50000,4.2,76,74,75,7.5,28,120000,4500,1200,4,5000,22,6.5,55,5.5,1.0,No,September,10,1st Gen,6.5,5.2,7.0,103.5,89.5,8.5,8.0,Urban,6,150,28,20,0,18,4500000,48,18,Yes,Yes,Yes,No,7.5,Turquoise,5,30000,5500,5200,6.8,1.5,1650000,1100000,28.2,38000,1600,1425000
EV014,MG,Windsor EV,Essence,2024,SUV,Crossover MPV,Dedicated EV,LFP,52.9,50,8,150000,12,Active Liquid Cooling,CATL,Under Floor,Permanent Magnet Synchronous,1,100,136,65,200,4,FWD,449,370,315,7.4,135,60,40,7.2,7.5,13,CCS2,Front Left,Yes,No,Yes,5,5,4295,1850,1677,2700,185,1620,604,0,0.33,5.3,170,8.8,4,6,Yes,Yes,Yes,Yes,Yes,Level 1,4,Yes,No,No,No,Front and Rear,Yes,No,Yes,IP67,15.6,8.8,Yes,Yes,Yes,Yes,Yes,Yes,Panoramic,Dual Zone,No,Yes,Yes,Yes,No,Driver,Yes,No,Yes,No,18,Yes,Yes,Yes,Yes,Yes,No,No,Yes,1860000,2130000,1760000,100000,0,0,16000,No,48000,35161,Tata Nexon EV LR,1769000,Tata Curvv EV,2449000,Mahindra XUV400,1599000,MG ZS EV,2499000,2350000,1.2,8500,370,3500,5200,3,150000,Yes,3,55,42,Yes,No,Pune,Maharashtra,West,30-40,Female,12-25 LPA,Professional,3,Premium Commute,Yes,Petrol,3.5,Yes,Yes,40,1400,8.0,8.5,Yes,60,34000,20,8.0,50000,4.3,76,75,76,7.8,28,120000,4500,1200,5,4000,20,5.8,60,8.0,1.05,No,September,10,1st Gen,6.5,5.2,7.5,103.5,89.5,8.5,8.0,Urban,10,310,35,28,0,22,5000000,50,20,Yes,Yes,Yes,No,8.0,Starburst Black,5,35000,4000,3800,6.5,1.4,2100000,1250000,48.8,42000,1800,1880000
EV015,MG,ZS EV,Excite Pro,2024,SUV,Compact SUV,Dedicated EV,NMC,50.3,48.8,8,150000,15,Active Liquid Cooling,CATL,Under Floor,Permanent Magnet Synchronous,1,130,176,80,280,3,FWD,461,380,325,8.0,125,76,42,7.4,7,10,CCS2,Front Left,Yes,No,Yes,5,5,4323,1809,1649,2581,177,1580,470,0,0.32,5.1,175,8.5,3,6,Yes,Yes,Yes,Yes,Yes,Level 2,5,Yes,Yes,Yes,Yes,Front and Rear,Yes,Yes,Yes,IP67,10.1,7,Yes,Yes,Yes,Yes,Yes,Yes,Panoramic,Dual Zone,No,Yes,Yes,Yes,Yes,Driver,Yes,Yes,Yes,No,17,Yes,Yes,Yes,Yes,Yes,No,No,Yes,2499000,2850000,2399000,100000,0,0,22000,Yes,52000,49681,Hyundai Creta EV,1803000,BYD Atto 3,2499000,Tata Curvv EV,2449000,Mahindra BE 6,1890000,2850000,1.4,10000,352,3500,5200,3,150000,Yes,3,58,45,No,No,Mumbai,Maharashtra,West,32-45,Male,20-35 LPA,Professional,4,Family + Premium,No,Petrol,3.0,Yes,Yes,45,1800,8.2,8.8,Yes,48,52000,25,8.2,45000,4.3,78,76,78,7.8,26,120000,4200,1100,6,3000,25,4.5,35,8.2,1.0,No,April,26,2nd Gen,6.5,5.2,7.5,103.5,89.5,8.5,8.0,Urban,12,310,42,32,0,24,5000000,50,18,Yes,Yes,Yes,No,7.8,White,8,40000,3000,2800,7.0,1.5,2800000,1600000,56.2,50000,2100,2450000
EV016,Mahindra,BE 6,Pack One 59kWh,2025,SUV,Compact SUV,Dedicated EV (INGLO),LFP,59,56,8,150000,12,Active Liquid Cooling,Volkswagen (Partnership),Skateboard,Permanent Magnet Synchronous,1,170,231,100,380,4,RWD,535,430,370,7.7,130,175,20,11,5.5,9,CCS2,Front Left,Yes,No,Yes,5,5,4371,1907,1627,2775,207,1795,455,45,0.26,5.5,180,6.7,4,6,Yes,Yes,Yes,Yes,Yes,Level 2,5,Yes,Yes,Yes,Yes,Front and Rear,Yes,Yes,Yes,IP67,12.3,10.25,Yes,Yes,Yes,Yes,Yes,Yes,Panoramic,Dual Zone,Yes,Yes,Yes,No,No,No,Yes,No,No,No,19,Yes,Yes,Yes,Yes,Yes,Yes,No,No,1890000,2200000,1790000,100000,0,0,18000,No,50000,32034,Tata Curvv EV,1749000,Hyundai Creta EV,1803000,MG ZS EV,2499000,BYD Atto 3,2499000,2500000,1.3,8000,413,3800,5800,5,150000,Yes,3,60,48,No,No,Delhi,Delhi NCR,North,28-40,Male,15-30 LPA,Salaried,4,Performance + Family,Yes,Petrol,3.0,Yes,Yes,40,1500,8.5,9.0,Yes,60,36000,20,8.5,68000,4.4,82,78,80,8.2,30,150000,5500,1500,8,4000,18,6.5,120,9.5,1.15,No,November,8,1st Gen,6.5,5.2,7.5,103.5,89.5,8.5,8.0,Urban,10,280,35,28,0,22,6500000,50,22,Yes,Yes,Yes,Yes,8.8,Tango Red,7,40000,4000,3500,6.0,1.3,2250000,1400000,35.0,38000,1900,1950000
EV017,Mahindra,BE 6,Pack Three 79kWh,2025,SUV,Compact SUV,Dedicated EV (INGLO),LFP,79,75,8,150000,10,Active Liquid Cooling,Volkswagen (Partnership),Skateboard,Permanent Magnet Synchronous,1,170,231,100,380,4,RWD,682,550,470,7.3,137,175,20,11,7.5,12,CCS2,Front Left,Yes,Yes,Yes,5,5,4371,1907,1627,2775,207,1895,455,45,0.26,5.5,180,6.7,5,6,Yes,Yes,Yes,Yes,Yes,Level 2,5,Yes,Yes,Yes,Yes,Front and Rear,Yes,Yes,Yes,IP68,12.3,10.25,Yes,Yes,Yes,Yes,Yes,Yes,Panoramic,Dual Zone,Yes,Yes,Yes,Yes,Yes,Driver and Passenger,Yes,Yes,Yes,No,19,Yes,Yes,Yes,Yes,Yes,Yes,No,No,2690000,3100000,2590000,100000,0,0,25000,Yes,62000,34051,Hyundai Creta EV LR,2470000,BYD Atto 3,3399000,MG ZS EV,2499000,Tata Curvv EV LR,2449000,3100000,1.4,8000,553,4500,7000,5,150000,Yes,3,60,48,No,No,Bangalore,Karnataka,South,30-45,Male,20-40 LPA,Business,3,Performance + Premium,No,Petrol,2.5,Yes,Yes,35,1300,9.0,9.5,Yes,48,55000,25,8.8,68000,4.6,82,80,82,8.5,34,150000,5500,1500,10,3500,16,5.8,120,8.5,1.2,No,November,8,1st Gen,6.5,5.2,7.5,103.5,89.5,8.5,8.0,Urban,15,380,42,35,0,26,7000000,52,22,Yes,Yes,Yes,Yes,9.0,Deep Forest,7,50000,3500,3200,5.5,1.2,3100000,1600000,68.1,35000,2100,2750000
EV018,Mahindra,XEV 9e,Pack One 59kWh,2025,SUV,Mid-Size SUV Coupe,Dedicated EV (INGLO),LFP,59,56,8,150000,12,Active Liquid Cooling,Volkswagen (Partnership),Skateboard,Permanent Magnet Synchronous,1,170,231,100,380,4,RWD,542,435,375,7.8,128,175,20,11,5.5,9,CCS2,Front Left,Yes,No,Yes,5,5,4789,1907,1694,2775,207,1890,663,45,0.27,5.5,180,6.8,4,6,Yes,Yes,Yes,Yes,Yes,Level 2,5,Yes,Yes,Yes,Yes,Front and Rear,Yes,Yes,Yes,IP67,12.3,10.25,Yes,Yes,Yes,Yes,Yes,Yes,Panoramic,Tri Zone,Yes,Yes,Yes,Yes,Yes,Driver,Yes,Yes,Yes,No,19,Yes,Yes,Yes,Yes,Yes,Yes,No,Yes,2190000,2550000,2090000,100000,0,0,20000,Yes,55000,37119,Tata Curvv EV LR,2449000,Hyundai Creta EV LR,2470000,BYD Atto 3,2499000,Mahindra BE 6,1890000,2700000,1.3,9000,413,3800,5800,5,150000,Yes,3,58,46,No,No,Chennai,Tamil Nadu,South,32-48,Male,20-35 LPA,Professional,4,Luxury Family,No,Petrol,2.8,Yes,Yes,40,1400,8.5,9.0,Yes,60,40000,20,8.5,55000,4.4,82,78,80,8.2,28,130000,4800,1200,10,3500,20,5.5,110,7.5,1.1,No,November,8,1st Gen,6.5,5.2,7.5,103.5,89.5,8.5,8.0,Urban,12,250,35,28,0,22,6000000,48,20,Yes,Yes,Yes,Yes,8.5,Burnt Sienna,6,45000,3500,3200,6.0,1.3,2550000,1700000,28.8,40000,2000,2250000
EV019,Mahindra,XEV 9e,Pack Three 79kWh,2025,SUV,Mid-Size SUV Coupe,Dedicated EV (INGLO),LFP,79,75,8,150000,10,Active Liquid Cooling,Volkswagen (Partnership),Skateboard,Permanent Magnet Synchronous,1,170,231,100,380,4,RWD,656,530,450,7.1,141,175,20,11,7.5,12,CCS2,Front Left,Yes,Yes,Yes,5,5,4789,1907,1694,2775,207,1980,663,45,0.27,5.5,180,6.8,5,6,Yes,Yes,Yes,Yes,Yes,Level 2,5,Yes,Yes,Yes,Yes,Front and Rear,Yes,Yes,Yes,IP68,12.3,10.25,Yes,Yes,Yes,Yes,Yes,Yes,Panoramic,Tri Zone,Yes,Yes,Yes,Yes,Yes,Driver and Passenger,Yes,Yes,Yes,Yes,19,Yes,Yes,Yes,Yes,Yes,Yes,No,Yes,3090000,3550000,2990000,100000,0,0,28000,Yes,70000,39114,BYD Atto 3 Superior,3399000,Hyundai Creta EV LR,2470000,MG ZS EV,2499000,Volvo XC40 Recharge,5495000,3400000,1.4,9000,553,4500,7000,5,150000,Yes,3,58,46,No,No,Mumbai,Maharashtra,West,35-50,Male,25-50 LPA,Business,4,Luxury + Performance,No,Diesel,2.5,Yes,Yes,35,1300,9.0,9.5,Yes,48,65000,25,8.8,55000,4.6,82,80,82,8.5,32,130000,4800,1200,12,3000,18,4.8,110,8.5,1.2,No,November,8,1st Gen,6.5,5.2,7.5,103.5,89.5,8.5,8.0,Urban,18,420,45,35,0,26,7000000,52,22,Yes,Yes,Yes,Yes,9.2,Everest White,6,55000,3000,2800,5.5,1.2,3500000,2000000,54.5,35000,2200,3150000
EV020,Hyundai,Creta Electric,Executive 42kWh,2025,SUV,Compact SUV,Dedicated EV,NMC,42,40,8,160000,14,Active Liquid Cooling,SK Innovation,Under Floor,Permanent Magnet Synchronous,1,110,150,70,255,4,FWD,390,320,275,8.0,125,50,45,11,4,7,CCS2,Front Left,Yes,No,Yes,5,5,4330,1790,1645,2610,190,1570,433,0,0.32,5.3,160,9.0,3,6,Yes,Yes,Yes,Yes,Yes,Level 2,5,Yes,Yes,Yes,Yes,Front and Rear,Yes,Yes,Yes,IP67,10.25,4.2,Yes,Yes,Yes,Yes,Yes,Yes,Single Pane,Dual Zone,No,Yes,Yes,No,No,No,Yes,No,Yes,No,17,Yes,Yes,Yes,Yes,Yes,No,No,Yes,1803000,2100000,1703000,100000,0,0,16000,No,48000,42929,Tata Nexon EV LR,1769000,Mahindra XUV400,1599000,MG Windsor EV,1860000,Tata Curvv EV,1749000,2300000,1.2,10000,294,2800,4200,5,160000,Yes,3,62,50,No,No,Hyderabad,Telangana,South,28-40,Female,12-25 LPA,Salaried,4,Family + Commute,Yes,Petrol,3.5,Yes,Yes,40,1400,8.0,8.5,Yes,60,34000,20,8.5,78000,4.5,88,85,84,8.5,32,160000,5800,1600,4,6000,18,8.5,95,7.5,1.1,No,January,6,1st Gen,6.5,5.2,7.5,103.5,89.5,8.5,8.0,Urban,10,280,35,28,0,22,6500000,50,20,Yes,Yes,Yes,No,8.5,Abyss Black,8,35000,6000,6500,6.5,1.4,2100000,1350000,33.6,40000,1900,1825000
EV021,Hyundai,Creta Electric,Excellence LR 51.4kWh,2025,SUV,Compact SUV,Dedicated EV,NMC,51.4,49,8,160000,14,Active Liquid Cooling,SK Innovation,Under Floor,Permanent Magnet Synchronous,1,135,184,85,255,4,FWD,473,385,330,8.0,125,100,30,11,5,8.5,CCS2,Front Left,Yes,No,Yes,5,5,4330,1790,1645,2610,190,1640,433,0,0.32,5.3,170,8.0,4,6,Yes,Yes,Yes,Yes,Yes,Level 2,5,Yes,Yes,Yes,Yes,Front and Rear,Yes,Yes,Yes,IP67,12.3,10.25,Yes,Yes,Yes,Yes,Yes,Yes,Panoramic,Dual Zone,Yes,Yes,Yes,Yes,Yes,Driver and Passenger,Yes,Yes,Yes,No,17,Yes,Yes,Yes,Yes,Yes,No,No,Yes,2382000,2750000,2282000,100000,0,0,20000,Yes,58000,46304,MG ZS EV,2499000,BYD Atto 3,2499000,Tata Curvv EV,2449000,Mahindra BE 6,2690000,2800000,1.3,10000,360,3500,5200,5,160000,Yes,3,62,50,No,No,Kochi,Kerala,South,32-45,Male,15-30 LPA,Professional,4,Premium Family,No,Petrol,2.8,Yes,Yes,45,1600,8.5,9.0,Yes,48,48000,25,8.8,78000,4.6,88,86,85,8.8,34,160000,5800,1600,6,5000,16,7.5,100,9.0,1.15,No,January,6,1st Gen,6.5,5.2,7.5,103.5,89.5,8.5,8.0,Urban,8,200,38,30,0,24,6500000,52,22,Yes,Yes,Yes,Yes,9.0,Atlas White,8,45000,5500,5800,6.0,1.3,2700000,1600000,48.9,42000,2100,2400000
EV022,Maruti Suzuki,e Vitara,Zeta 49kWh,2025,SUV,Compact SUV,Dedicated EV (HEARTECT-e),LFP,49,46.5,8,160000,12,Active Liquid Cooling,TDK (Toshiba),Skateboard,Permanent Magnet Synchronous,1,106,144,70,189,3,FWD,440,360,310,7.7,130,50,50,7.2,7,11,CCS2,Front Left,No,No,Yes,5,5,4275,1800,1635,2700,185,1560,450,0,0.33,5.2,150,9.5,3,7,Yes,Yes,Yes,Yes,Yes,Level 2,5,Yes,Yes,No,Yes,Front and Rear,Yes,Yes,Yes,IP67,10.25,7,Yes,Yes,Yes,Yes,Yes,Yes,Single Pane,Dual Zone,No,Yes,Yes,No,No,No,Yes,No,Yes,No,17,Yes,Yes,Yes,Yes,Yes,No,No,Yes,1599000,1850000,1499000,100000,0,0,14000,No,42000,32633,Tata Curvv EV,1749000,Hyundai Creta EV,1803000,Tata Nexon EV,1769000,Mahindra XUV400,1599000,2100000,1.2,8000,343,3200,4800,3,160000,Yes,4,65,52,Yes,No,Ahmedabad,Gujarat,West,28-40,Male,10-20 LPA,Salaried,4,Family,Yes,Petrol,4.0,Yes,Yes,35,1200,7.5,7.8,Yes,60,30000,20,8.2,92000,4.4,90,82,80,8.0,30,220000,8000,2200,4,7000,15,9.0,NA,6.0,1.05,No,February,5,1st Gen,6.5,5.2,6.5,103.5,89.5,8.5,8.0,Urban,8,150,28,22,0,18,6500000,48,18,Yes,Yes,Yes,Yes,8.0,Celestial Blue,6,30000,7000,6800,6.8,1.5,1850000,1200000,33.3,38000,1700,1625000
EV023,Maruti Suzuki,e Vitara,Alpha+ 61kWh,2025,SUV,Compact SUV,Dedicated EV (HEARTECT-e),LFP,61,58,8,160000,10,Active Liquid Cooling,TDK (Toshiba),Skateboard,Permanent Magnet Synchronous,1,128,174,85,189,3,FWD,543,440,380,7.6,132,90,35,11,5.5,9.5,CCS2,Front Left,Yes,No,Yes,5,5,4275,1800,1635,2700,185,1640,450,0,0.33,5.2,160,8.8,4,7,Yes,Yes,Yes,Yes,Yes,Level 2,5,Yes,Yes,Yes,Yes,Front and Rear,Yes,Yes,Yes,IP67,10.25,7,Yes,Yes,Yes,Yes,Yes,Yes,Panoramic,Dual Zone,Yes,Yes,Yes,Yes,No,Driver,Yes,Yes,Yes,No,17,Yes,Yes,Yes,Yes,Yes,No,No,Yes,2001000,2300000,1901000,100000,0,0,18000,Yes,48000,32803,Hyundai Creta EV,2382000,Tata Curvv EV LR,2449000,Mahindra BE 6,1890000,MG ZS EV,2499000,2500000,1.3,8500,427,3800,5800,3,160000,Yes,4,65,52,Yes,No,Delhi,Delhi NCR,North,30-42,Male,15-25 LPA,Professional,3,Premium Commute,No,Petrol,3.0,Yes,Yes,40,1400,8.2,8.5,Yes,60,38000,20,8.5,92000,4.5,90,83,82,8.2,32,220000,8000,2200,5,5500,14,7.8,NA,9.5,1.1,No,February,5,1st Gen,6.5,5.2,7.5,103.5,89.5,8.5,8.0,Urban,14,350,38,30,0,22,7000000,50,20,Yes,Yes,Yes,Yes,8.5,Arctic White,6,40000,5500,5200,6.2,1.4,2350000,1400000,43.0,40000,1850,2050000
EV024,BYD,Atto 3,Dynamic 49.9kWh,2024,SUV,Compact SUV,Dedicated EV (e-Platform 3.0),LFP,49.92,47.5,8,150000,10,Active Liquid Cooling,BYD (Blade Battery),Blade Battery Integrated,Permanent Magnet Synchronous,1,150,204,95,310,4,FWD,468,380,320,8.0,125,80,35,7,7,10.5,CCS2,Rear Left,Yes,Yes,Yes,5,5,4455,1875,1615,2720,175,1690,440,60,0.29,5.3,160,7.3,4,7,Yes,Yes,Yes,Yes,Yes,Level 2,5,Yes,Yes,Yes,Yes,Front and Rear,Yes,Yes,Yes,IP68,12.8,5,Yes,Yes,Yes,Yes,Yes,Yes,Panoramic,Dual Zone,Yes,Yes,Yes,Yes,Yes,Driver,Yes,Yes,Yes,Yes,18,Yes,Yes,Yes,Yes,Yes,Yes,Yes,Yes,2499000,2900000,2399000,100000,0,0,22000,Yes,60000,50060,MG ZS EV,2499000,Hyundai Creta EV,2382000,Tata Curvv EV LR,2449000,Mahindra BE 6,2690000,2900000,1.5,8000,349,3500,5200,6,150000,Yes,4,60,48,No,No,Hyderabad,Telangana,South,30-45,Male,20-35 LPA,Business,4,Premium Family,No,Diesel,2.8,Yes,Yes,35,1200,8.8,9.0,Yes,48,52000,25,8.5,35000,4.4,82,80,80,8.2,30,85000,3200,850,3,2500,22,3.5,85,7.5,1.1,No,November,20,1st Gen,6.5,5.2,7.5,103.5,89.5,8.5,8.0,Urban,12,280,40,32,0,24,6000000,50,22,Yes,Yes,Yes,Yes,8.5,Ski White,5,45000,2500,2600,6.2,1.3,2900000,1700000,47.0,42000,1900,2550000
EV025,BYD,Atto 3,Superior 60.5kWh,2024,SUV,Compact SUV,Dedicated EV (e-Platform 3.0),LFP,60.48,57.5,8,150000,10,Active Liquid Cooling,BYD (Blade Battery),Blade Battery Integrated,Permanent Magnet Synchronous,1,150,204,95,310,4,FWD,521,420,360,7.3,137,80,35,7,8.5,13,CCS2,Rear Left,Yes,Yes,Yes,5,5,4455,1875,1615,2720,175,1750,440,60,0.29,5.3,160,7.3,4,7,Yes,Yes,Yes,Yes,Yes,Level 2,5,Yes,Yes,Yes,Yes,Front and Rear,Yes,Yes,Yes,IP68,12.8,5,Yes,Yes,Yes,Yes,Yes,Yes,Panoramic,Dual Zone,Yes,Yes,Yes,Yes,Yes,Driver and Passenger,Yes,Yes,Yes,Yes,18,Yes,Yes,Yes,Yes,Yes,Yes,Yes,Yes,3399000,3850000,3299000,100000,0,0,30000,Yes,72000,56195,MG ZS EV,2499000,Hyundai Creta EV LR,2382000,Mahindra BE 6 79kWh,2690000,Volvo XC40 Recharge,5495000,3500000,1.5,8000,423,4000,6200,6,150000,Yes,4,60,48,No,No,Chennai,Tamil Nadu,South,35-50,Male,25-45 LPA,Business,3,Premium + Performance,No,Petrol,2.2,Yes,Yes,30,1100,9.0,9.2,Yes,48,68000,20,8.8,35000,4.6,82,82,82,8.5,34,85000,3200,850,2,2500,20,3.2,85,9.5,1.2,No,November,20,1st Gen,6.5,5.2,7.5,103.5,89.5,8.5,8.0,Urban,15,350,45,35,0,26,6500000,52,22,Yes,Yes,Yes,Yes,9.0,Boulder Grey,5,50000,2500,2800,5.5,1.1,3800000,2000000,70.0,38000,2200,3400000
EV026,BYD,eMAX 7,Premium 55.4kWh,2024,MPV,7-Seater MPV,Dedicated EV (e-Platform 3.0),LFP,55.4,52.5,8,150000,10,Active Liquid Cooling,BYD (Blade Battery),Blade Battery Integrated,Permanent Magnet Synchronous,1,120,163,75,310,3,FWD,420,340,290,6.5,154,70,40,7,8,12,CCS2,Rear Left,Yes,No,Yes,7,5,4830,1910,1690,2800,170,1880,580,0,0.32,5.5,180,9.5,3,7,Yes,Yes,Yes,Yes,Yes,Level 2,5,Yes,Yes,Yes,Yes,Front and Rear,Yes,Yes,Yes,IP68,12.8,5,Yes,Yes,Yes,Yes,Yes,Yes,Panoramic,Tri Zone,No,Yes,Yes,Yes,Yes,Driver and Passenger,Yes,Yes,Yes,No,18,Yes,Yes,Yes,Yes,Yes,No,No,Yes,2690000,3100000,2590000,100000,0,0,25000,Yes,62000,48556,MG ZS EV,2499000,Innova Hycross,2050000,Kia Carens,1500000,NA,NA,3200000,1.5,10000,388,3800,5800,6,150000,Yes,3,55,42,No,No,Bangalore,Karnataka,South,35-50,Male,20-35 LPA,Professional,6,Large Family,No,Diesel,3.0,No,No,35,1200,8.0,8.5,Yes,60,55000,20,7.8,28000,4.2,78,75,76,7.5,25,60000,2200,550,4,1500,28,1.8,110,8.5,1.0,No,October,9,1st Gen,6.5,5.2,7.5,103.5,89.5,8.5,8.0,Urban,10,380,40,32,0,22,5000000,45,18,Yes,Yes,No,No,8.0,Crystal Black,4,40000,1500,1400,6.5,1.4,3100000,2050000,31.2,45000,1800,2750000
EV027,BYD,eMAX 7,Superior 71.8kWh,2024,MPV,7-Seater MPV,Dedicated EV (e-Platform 3.0),LFP,71.8,68,8,150000,10,Active Liquid Cooling,BYD (Blade Battery),Blade Battery Integrated,Permanent Magnet Synchronous,1,120,163,75,310,3,FWD,530,430,370,6.3,159,70,40,7,10.5,15,CCS2,Rear Left,Yes,Yes,Yes,7,5,4830,1910,1690,2800,170,1950,580,0,0.32,5.5,180,9.5,3,7,Yes,Yes,Yes,Yes,Yes,Level 2,5,Yes,Yes,Yes,Yes,Front and Rear,Yes,Yes,Yes,IP68,12.8,5,Yes,Yes,Yes,Yes,Yes,Yes,Panoramic,Tri Zone,Yes,Yes,Yes,Yes,Yes,Driver and Passenger,Yes,Yes,Yes,No,18,Yes,Yes,Yes,Yes,Yes,No,No,Yes,2750000,3180000,2650000,100000,0,0,26000,Yes,65000,38301,MG ZS EV,2499000,BYD Atto 3,3399000,Innova Hycross,2400000,NA,NA,3400000,1.5,10000,502,4500,7000,6,150000,Yes,3,55,42,No,No,Delhi,Delhi NCR,North,38-55,Male,25-40 LPA,Business,5,Large Family Premium,No,Diesel,2.5,No,No,30,1000,8.2,8.5,Yes,48,58000,25,8.0,28000,4.3,78,76,78,7.8,26,60000,2200,550,3,1500,25,1.8,110,9.5,1.1,No,October,9,1st Gen,6.5,5.2,7.5,103.5,89.5,8.5,8.0,Urban,14,350,42,35,0,24,5500000,48,20,Yes,Yes,Yes,No,8.2,Cosmos Black,4,45000,1500,1600,6.0,1.3,3200000,2400000,14.6,40000,1900,2800000
EV028,BYD,Seal,Dynamic RWD,2024,Sedan,Premium Sedan,Dedicated EV (e-Platform 3.0),LFP,61.44,58.5,8,150000,10,Active Liquid Cooling,BYD (Blade Battery),Cell-to-Body Integrated,Permanent Magnet Synchronous,1,150,204,95,310,4,RWD,510,420,360,7.2,139,110,30,11,5.5,9,CCS2,Rear Left,Yes,Yes,Yes,5,5,4800,1875,1460,2920,120,1885,400,50,0.22,5.5,180,7.5,4,8,Yes,Yes,Yes,Yes,Yes,Level 2,5,Yes,Yes,Yes,Yes,Front and Rear,Yes,Yes,Yes,IP68,15.6,10.25,Yes,Yes,Yes,Yes,Yes,Yes,Panoramic,Dual Zone,Yes,Yes,Yes,Yes,Yes,Driver and Passenger,Yes,Yes,No,Yes,18,Yes,Yes,Yes,Yes,Yes,Yes,Yes,No,4150000,4700000,4050000,100000,0,0,35000,Yes,85000,67545,BMW i4,7250000,Mercedes EQA,6000000,Volvo XC40 Recharge,5495000,Hyundai Ioniq 5,5570000,4500000,1.5,7000,430,3500,5500,6,150000,Yes,3,58,45,No,No,Mumbai,Maharashtra,West,32-48,Male,30-60 LPA,Business,3,Performance Sedan,No,Petrol,2.0,Yes,Yes,30,1100,9.0,9.5,Yes,48,85000,20,8.8,32000,4.5,80,80,82,8.5,32,70000,2800,700,2,2000,22,2.5,120,9.5,1.2,No,March,16,1st Gen,6.5,5.2,7.5,103.5,89.5,8.5,8.0,Urban,18,420,50,38,0,28,5500000,55,25,Yes,Yes,Yes,Yes,9.0,Arctic Blue,5,55000,2000,2200,5.0,1.0,4800000,3000000,38.3,32000,2300,4200000
EV029,BYD,Seal,Performance AWD,2024,Sedan,Premium Sedan,Dedicated EV (e-Platform 3.0),LFP,82.56,78.5,8,150000,10,Active Liquid Cooling,BYD (Blade Battery),Cell-to-Body Integrated,Permanent Magnet Synchronous,2,390,530,250,670,4,AWD,580,465,395,6.0,167,150,25,11,7.5,12,CCS2,Rear Left,Yes,Yes,Yes,5,5,4800,1875,1460,2920,120,2070,400,50,0.22,5.5,200,3.8,5,8,Yes,Yes,Yes,Yes,Yes,Level 2,5,Yes,Yes,Yes,Yes,Front and Rear,Yes,Yes,Yes,IP68,15.6,10.25,Yes,Yes,Yes,Yes,Yes,Yes,Panoramic,Dual Zone,Yes,Yes,Yes,Yes,Yes,Driver and Passenger,Yes,Yes,No,Yes,19,Yes,Yes,Yes,Yes,Yes,Yes,Yes,No,5365000,6050000,5265000,100000,0,0,45000,Yes,110000,64979,BMW i4 M50,7750000,Mercedes EQE,9600000,Audi e-tron GT,17200000,Tesla Model 3,NA,5500000,1.6,7000,578,4500,7000,6,150000,Yes,3,55,42,No,No,Bangalore,Karnataka,South,35-55,Male,40-80 LPA,CXO,2,Performance Luxury,No,Petrol,1.5,Yes,No,25,900,9.2,9.8,Yes,36,150000,30,9.0,32000,4.7,80,82,84,8.8,36,70000,2800,700,2,1500,18,1.5,120,9.5,1.3,No,March,16,1st Gen,6.5,5.2,7.5,103.5,89.5,8.5,8.0,Urban,18,420,55,40,0,30,6000000,55,25,Yes,Yes,Yes,Yes,9.5,Aurora Green,5,65000,1500,1800,4.5,0.8,6200000,4000000,34.1,28000,2500,5450000
EV030,BYD,Sealion 7,Premium RWD,2025,SUV,Mid-Size Premium SUV,Dedicated EV (e-Platform 3.0),LFP,82.56,78.5,8,150000,10,Active Liquid Cooling,BYD (Blade Battery),Blade Battery Integrated,Permanent Magnet Synchronous,1,230,309,150,380,4,RWD,567,460,395,5.9,170,150,25,11,7.5,12,CCS2,Rear Left,Yes,Yes,Yes,5,5,4830,1925,1620,2930,170,2190,500,50,0.27,5.6,200,6.7,4,11,Yes,Yes,Yes,Yes,Yes,Level 2,5,Yes,Yes,Yes,Yes,Front and Rear,Yes,Yes,Yes,IP68,15.6,10.25,Yes,Yes,Yes,Yes,Yes,Yes,Panoramic,Dual Zone,Yes,Yes,Yes,Yes,Yes,Driver and Passenger,Yes,Yes,Yes,Yes,19,Yes,Yes,Yes,Yes,Yes,Yes,Yes,Yes,4940000,5600000,4840000,100000,0,0,42000,Yes,95000,59836,Volvo XC40 Recharge,5495000,BMW iX1,5140000,Hyundai Ioniq 5,5570000,Mercedes EQA,6000000,5200000,1.6,8000,578,4500,7000,6,150000,Yes,3,58,45,No,No,Gurgaon,Haryana,North,35-50,Male,35-70 LPA,CXO,3,Luxury SUV,No,Petrol,2.0,Yes,No,30,1000,9.2,9.5,Yes,48,100000,25,8.8,35000,4.6,82,82,82,8.5,33,80000,3000,750,3,2000,20,2.8,130,9.5,1.2,No,February,5,1st Gen,6.5,5.2,7.5,103.5,89.5,8.5,8.0,Urban,15,350,48,38,0,26,6000000,52,22,Yes,Yes,Yes,Yes,9.2,Cosmos Black,5,55000,2500,2600,5.2,1.0,5800000,3500000,41.1,32000,2400,5050000
EV031,BYD,Sealion 7,Performance AWD,2025,SUV,Mid-Size Premium SUV,Dedicated EV (e-Platform 3.0),LFP,82.56,78.5,8,150000,10,Active Liquid Cooling,BYD (Blade Battery),Blade Battery Integrated,Permanent Magnet Synchronous,2,390,523,250,690,4,AWD,542,440,375,5.6,179,150,25,11,7.5,12,CCS2,Rear Left,Yes,Yes,Yes,5,5,4830,1925,1620,2930,170,2310,500,50,0.27,5.6,215,4.5,5,11,Yes,Yes,Yes,Yes,Yes,Level 2,5,Yes,Yes,Yes,Yes,Front and Rear,Yes,Yes,Yes,IP68,15.6,10.25,Yes,Yes,Yes,Yes,Yes,Yes,Panoramic,Dual Zone,Yes,Yes,Yes,Yes,Yes,Driver and Passenger,Yes,Yes,Yes,Yes,20,Yes,Yes,Yes,Yes,Yes,Yes,Yes,Yes,5490000,6200000,5390000,100000,0,0,48000,Yes,105000,66496,BMW iX1,5140000,Volvo EC40,5900000,Hyundai Ioniq 5,5570000,BMW i4 M50,7750000,5800000,1.7,8000,578,4500,7000,6,150000,Yes,3,55,42,No,No,Mumbai,Maharashtra,West,38-55,Male,40-80 LPA,CXO,3,Performance Luxury,No,Petrol,1.5,Yes,No,25,900,9.5,9.8,Yes,48,115000,25,9.0,35000,4.7,82,83,84,8.8,35,80000,3000,750,4,1800,18,2.2,130,9.5,1.2,No,February,5,1st Gen,6.5,5.2,7.5,103.5,89.5,8.5,8.0,Urban,18,420,52,40,0,28,6500000,55,25,Yes,Yes,Yes,Yes,9.5,Glacial Blue,5,65000,2000,2200,4.8,0.9,6400000,3800000,44.5,28000,2500,5600000
EV032,Tata,Harrier EV,Fearless+ FWD,2025,SUV,Mid-Size SUV,Dedicated EV (Acti.ev),NMC,60,57,8,160000,14,Active Liquid Cooling,Gotion High-Tech,Skateboard,Permanent Magnet Synchronous,1,125,167,80,300,4,FWD,500,410,350,7.2,139,70,45,11,5.5,9.5,CCS2,Front Left,Yes,No,Yes,5,5,4585,1907,1682,2741,198,1890,500,0,0.32,5.5,180,8.5,4,7,Yes,Yes,Yes,Yes,Yes,Level 2,5,Yes,Yes,Yes,Yes,Front and Rear,Yes,Yes,Yes,IP67,12.3,10.25,Yes,Yes,Yes,Yes,Yes,Yes,Panoramic,Dual Zone,Yes,Yes,Yes,Yes,Yes,Driver and Passenger,Yes,Yes,Yes,No,18,Yes,Yes,Yes,Yes,Yes,No,No,Yes,2169000,2500000,2069000,100000,0,0,20000,Yes,55000,36150,Hyundai Creta EV LR,2382000,Mahindra BE 6,2690000,Tata Curvv EV LR,2449000,MG ZS EV,2499000,2700000,1.3,9500,420,3800,5800,8,160000,Yes,4,62,50,No,No,Pune,Maharashtra,West,32-48,Male,15-30 LPA,Professional,5,Family SUV,Yes,Diesel,3.0,Yes,Yes,45,1500,8.5,8.8,Yes,60,40000,20,8.5,85000,4.5,86,84,83,8.5,32,175000,6200,1700,6,5500,16,7.5,NA,8.0,1.1,No,May,2,1st Gen,6.5,5.2,7.5,103.5,89.5,8.5,8.0,Urban,12,310,38,30,0,24,7500000,50,22,Yes,Yes,Yes,Yes,8.8,Tropical Mist,7,40000,5500,5000,6.2,1.4,2500000,1800000,20.5,40000,2000,2200000
EV033,Tata,Harrier EV,Accomplished+ QWD,2025,SUV,Mid-Size SUV,Dedicated EV (Acti.ev),NMC,75,71,8,160000,14,Active Liquid Cooling,Gotion High-Tech,Skateboard,Permanent Magnet Synchronous,2,250,340,160,500,4,AWD,600,490,420,6.9,145,140,30,11,7,11,CCS2,Front Left,Yes,Yes,Yes,5,5,4585,1907,1682,2741,198,2050,500,0,0.32,5.5,200,6.5,5,7,Yes,Yes,Yes,Yes,Yes,Level 2,5,Yes,Yes,Yes,Yes,Front and Rear,Yes,Yes,Yes,IP68,12.3,10.25,Yes,Yes,Yes,Yes,Yes,Yes,Panoramic,Tri Zone,Yes,Yes,Yes,Yes,Yes,Driver and Passenger,Yes,Yes,Yes,Yes,18,Yes,Yes,Yes,Yes,Yes,Yes,No,Yes,2899000,3350000,2799000,100000,0,0,25000,Yes,68000,38653,BYD Atto 3 Superior,3399000,Mahindra XEV 9e,3090000,MG ZS EV,2499000,BYD Sealion 7,4940000,3300000,1.4,9500,525,4200,6500,8,160000,Yes,4,60,48,No,No,Noida,Uttar Pradesh,North,35-50,Male,25-45 LPA,Business,4,Premium Family AWD,No,Diesel,2.5,Yes,Yes,40,1400,9.0,9.2,Yes,48,58000,25,8.8,85000,4.6,86,85,84,8.8,35,175000,6200,1700,8,4000,14,5.5,NA,9.5,1.15,No,May,2,1st Gen,6.5,5.2,7.5,103.5,89.5,8.5,8.0,Urban,14,350,42,35,0,26,8000000,52,22,Yes,Yes,Yes,Yes,9.2,Ash Grey,7,55000,4000,3800,5.5,1.2,3400000,2200000,31.8,35000,2200,2950000
EV034,Tata,Sierra EV,Fearless+ 60kWh,2025,SUV,Mid-Size Lifestyle SUV,Dedicated EV (Acti.ev),NMC,60,57,8,160000,14,Active Liquid Cooling,Gotion High-Tech,Skateboard,Permanent Magnet Synchronous,1,125,167,80,300,4,FWD,502,410,350,7.2,139,70,45,11,5.5,9.5,CCS2,Front Left,Yes,No,Yes,5,5,4390,1860,1705,2650,200,1850,500,0,0.33,5.3,175,8.5,4,7,Yes,Yes,Yes,Yes,Yes,Level 2,5,Yes,Yes,Yes,Yes,Front and Rear,Yes,Yes,Yes,IP67,12.3,10.25,Yes,Yes,Yes,Yes,Yes,Yes,Panoramic,Dual Zone,Yes,Yes,Yes,Yes,Yes,Driver,Yes,Yes,Yes,No,18,Yes,Yes,Yes,Yes,Yes,No,No,Yes,1879000,2180000,1779000,100000,0,0,16000,No,48000,31317,Tata Curvv EV,1749000,Hyundai Creta EV,1803000,Mahindra BE 6,1890000,MG ZS EV,2499000,2400000,1.3,9000,420,3800,5800,8,160000,Yes,4,62,50,No,No,Bangalore,Karnataka,South,28-42,Male,15-30 LPA,Professional,4,Lifestyle + Family,Yes,Petrol,3.2,Yes,Yes,40,1400,8.5,9.0,Yes,60,36000,20,8.5,90000,4.5,86,84,83,8.5,32,195000,6800,1900,5,5000,15,6.8,NA,8.5,1.1,No,April,3,1st Gen,6.5,5.2,7.5,103.5,89.5,8.5,8.0,Urban,15,380,40,32,0,24,7000000,50,22,Yes,Yes,Yes,Yes,8.8,Grassland Beige,6,40000,5000,4800,6.2,1.4,2200000,1500000,25.3,38000,1900,1925000
EV035,Kia,EV6,GT Line RWD 77.4kWh,2024,SUV,Premium Crossover,Dedicated EV (E-GMP),NMC,77.4,74,10,200000,12,Active Liquid Cooling,SK Innovation,Skateboard,Permanent Magnet Synchronous,1,229,311,150,605,4,RWD,663,540,460,7.3,137,350,18,11,7,11,CCS2,Rear Right,Yes,Yes,Yes,5,5,4695,1890,1550,2900,160,2090,490,52,0.28,5.3,185,7.3,4,8,Yes,Yes,Yes,Yes,Yes,Level 2,5,Yes,Yes,Yes,Yes,Front and Rear,Yes,Yes,Yes,IP67,12.3,12.3,Yes,Yes,Yes,Yes,Yes,Yes,Panoramic,Dual Zone,Yes,Yes,Yes,Yes,Yes,Driver and Passenger,Yes,Yes,Yes,No,19,Yes,Yes,Yes,Yes,Yes,Yes,Yes,No,6597000,7400000,6497000,100000,0,0,55000,Yes,125000,85233,BMW iX1,5140000,Hyundai Ioniq 5,5570000,Volvo XC40 Recharge,5495000,BYD Sealion 7,4940000,6800000,1.6,8000,541,4200,6500,5,200000,Yes,3,58,45,No,No,Gurgaon,Haryana,North,35-55,Male,40-80 LPA,CXO,3,Performance + Touring,No,Petrol,1.5,Yes,No,25,1000,9.5,9.8,No,48,135000,25,9.2,42000,4.7,88,86,86,9.0,38,65000,2500,650,2,1200,18,1.8,70,9.5,1.2,No,June,24,2nd Gen,6.5,5.2,7.5,103.5,89.5,8.5,8.0,Urban,15,350,52,40,0,28,5500000,50,20,Yes,Yes,Yes,No,9.0,Yacht Blue,6,60000,1200,1300,4.5,0.8,7500000,4200000,57.1,25000,2500,6700000
EV036,Kia,EV9,GT Line 99.8kWh,2024,SUV,Full-Size Premium SUV,Dedicated EV (E-GMP),NMC,99.8,95,10,200000,12,Active Liquid Cooling,SK Innovation,Skateboard,Permanent Magnet Synchronous,2,283,384,180,700,4,AWD,561,450,380,4.8,208,350,18,11,9,14.5,CCS2,Rear Right,Yes,Yes,Yes,7,5,5010,1980,1755,3100,180,2600,333,0,0.28,5.8,200,5.3,5,10,Yes,Yes,Yes,Yes,Yes,Level 2+,5,Yes,Yes,Yes,Yes,Front and Rear,Yes,Yes,Yes,IP68,12.3,12.3,Yes,Yes,Yes,Yes,Yes,Yes,Panoramic,Tri Zone,Yes,Yes,Yes,Yes,Yes,Driver and Passenger,Yes,Yes,Yes,Yes,21,Yes,Yes,Yes,Yes,Yes,Yes,Yes,Yes,13000000,14800000,12900000,100000,0,0,110000,Yes,250000,130261,BMW iX,13950000,Mercedes EQS SUV,NA,Audi Q8 e-tron,11500000,NA,NA,13500000,2.0,10000,698,5000,8000,5,200000,Yes,3,52,40,No,No,Mumbai,Maharashtra,West,40-60,Male,80+ LPA,CXO,5,Ultra Premium Family,No,Petrol,1.0,Yes,No,25,800,9.5,9.8,No,48,270000,30,9.5,25000,4.8,90,88,88,9.2,40,30000,1500,350,4,500,25,0.5,150,9.5,1.3,No,October,9,1st Gen,6.5,5.2,7.5,103.5,89.5,8.5,8.0,Urban,18,420,55,42,0,30,4000000,55,25,Yes,Yes,Yes,Yes,9.5,Snow White,5,80000,500,450,3.5,0.5,15000000,7000000,85.7,20000,3000,13200000
EV037,Hyundai,Ioniq 5,Long Range RWD 84kWh,2025,SUV,Premium Crossover,Dedicated EV (E-GMP),NMC,84,80,10,200000,12,Active Liquid Cooling,SK Innovation,Skateboard,Permanent Magnet Synchronous,1,168,229,110,350,4,RWD,690,560,480,7.0,143,350,18,11,7.5,12,CCS2,Rear Right,Yes,Yes,Yes,5,5,4635,1890,1605,3000,160,2020,527,57,0.28,5.3,185,7.4,4,8,Yes,Yes,Yes,Yes,Yes,Level 2,5,Yes,Yes,Yes,Yes,Front and Rear,Yes,Yes,Yes,IP67,12.3,12.3,Yes,Yes,Yes,Yes,Yes,Yes,Panoramic,Dual Zone,Yes,Yes,Yes,Yes,Yes,Driver and Passenger,Yes,Yes,Yes,No,19,Yes,Yes,Yes,Yes,Yes,Yes,Yes,No,5570000,6300000,5470000,100000,0,0,48000,Yes,105000,66310,Kia EV6,6597000,BMW iX1,5140000,Volvo XC40 Recharge,5495000,BYD Sealion 7,4940000,5800000,1.5,8000,588,4500,7000,5,200000,Yes,3,58,45,No,No,Delhi,Delhi NCR,North,35-55,Male,35-70 LPA,CXO,3,Premium + Touring,No,Petrol,1.5,Yes,No,30,1000,9.2,9.5,No,48,112000,25,9.0,55000,4.6,90,88,86,9.0,36,80000,3000,800,3,1800,20,2.5,95,9.5,1.2,No,April,3,2nd Gen,6.5,5.2,7.5,103.5,89.5,8.5,8.0,Urban,14,350,50,38,0,28,5500000,52,22,Yes,Yes,Yes,No,9.2,Gravity Gold,8,55000,1800,2000,4.8,0.9,6500000,4000000,39.3,28000,2500,5650000
EV049,MG,Cyberster,Trophy,2025,Convertible,Sports Roadster,Dedicated EV,NMC,77,73,8,150000,15,Active Liquid Cooling,CATL,Under Floor,Permanent Magnet Synchronous,2,375,510,240,725,4,AWD,443,360,305,4.9,204,150,25,11,7,11.5,CCS2,Front Left,Yes,No,Yes,2,2,4535,1913,1329,2690,120,1985,249,0,0.26,5.2,195,3.2,5,6,Yes,Yes,Yes,Yes,Yes,Level 2,5,Yes,Yes,Yes,Yes,Rear,No,Yes,Yes,IP68,10.25,7,Yes,Yes,Yes,Yes,Yes,Yes,Soft Top,Dual Zone,No,Yes,Yes,Yes,Yes,Driver,Yes,No,No,No,19,Yes,Yes,Yes,Yes,Yes,Yes,No,No,8250000,9400000,8150000,100000,0,0,70000,Yes,165000,107143,BMW i4 M50,7750000,Kia EV6,6597000,BYD Seal Performance,5365000,Porsche Taycan,NA,8500000,1.8,8000,539,4200,6500,3,150000,Yes,3,48,35,No,No,Delhi,Delhi NCR,North,30-50,Male,50-100 LPA,Business,1,Weekend + Lifestyle,No,Petrol,1.0,Yes,No,15,500,9.5,9.8,No,36,170000,30,8.5,30000,4.5,78,78,80,8.5,35,45000,1800,450,6,500,20,0.5,80,9.5,1.3,No,March,4,1st Gen,6.5,5.2,7.5,103.5,89.5,8.5,8.0,Urban,14,350,48,38,0,26,4000000,55,25,Yes,Yes,Yes,No,8.5,Cyber Grey,4,45000,500,480,4.0,0.6,9500000,6000000,37.5,22000,2800,8400000
EV050,Tata,Punch EV,Adventure MR 30kWh,2025,SUV,Micro SUV,Dedicated EV (Acti.ev),LFP,30,28.5,8,160000,10,Active Liquid Cooling,Gotion High-Tech,Skateboard,Permanent Magnet Synchronous,1,90,122,60,190,4,FWD,365,300,255,10.5,95,50,55,7.2,4.5,7.5,CCS2,Front Left,No,No,Yes,5,5,3827,1742,1615,2445,190,1235,366,0,0.33,5.2,140,9.8,3,6,Yes,Yes,Yes,Yes,Yes,Level 1,4,Yes,No,No,No,Rear,No,No,Yes,IP67,10.25,7,Yes,Yes,Yes,Yes,Yes,Yes,None,Auto,No,Yes,Yes,No,No,No,No,No,No,No,16,Yes,Yes,Yes,No,Yes,No,No,Yes,1099000,1270000,999000,100000,0,0,11000,No,30000,36633,Tata Tiago EV,999000,MG Comet EV,780000,Citroen eC3,1199000,Nexon EV,1249000,1650000,0.9,7000,210,2200,3200,8,160000,Yes,5,62,50,No,No,Indore,Madhya Pradesh,Central,25-35,Female,8-15 LPA,Salaried,3,Daily Commute,Yes,Petrol,4.0,Yes,Yes,30,1000,7.5,8.0,Yes,60,20000,20,8.0,72000,4.4,84,82,80,8.0,30,200000,7500,2100,2,7500,14,11.0,75,5.5,1.0,No,June,1,1st Gen (Refresh),6.5,5.2,6.5,103.5,89.5,8.5,8.0,Urban,5,100,25,18,0,18,5500000,52,20,Yes,Yes,Yes,Yes,8.0,Daytona Grey,8,20000,6000,6500,7.0,1.8,1300000,800000,37.4,35000,1500,1125000
EV051,Tata,Tiago EV,Smart+ 24kWh,2025,Hatchback,Mini,Modified ICE,LFP,24,22.5,8,160000,10,Air Cooled,Gotion High-Tech,Under Floor,Permanent Magnet Synchronous,1,55,75,35,114,3,FWD,315,255,220,10.6,94,50,57,7.2,4,7,CCS2,Front Left,No,No,No,5,5,3770,1677,1536,2400,165,1148,240,0,0.35,5.1,120,12.5,3,6,Yes,Yes,Yes,Yes,No,None,4,No,No,No,No,Rear,No,No,Yes,IP67,7,7,Yes,Yes,Yes,Yes,Yes,No,None,Auto,No,Yes,Yes,No,No,No,No,No,No,No,15,Yes,Yes,Yes,No,No,No,No,No,849000,980000,749000,100000,0,0,9000,No,25000,35375,MG Comet EV,780000,Citroen eC3,1199000,Tata Punch EV,969000,NA,NA,1350000,0.85,5500,168,1800,2800,8,160000,Yes,5,58,45,No,No,Nagpur,Maharashtra,West,22-30,Male,5-10 LPA,Student,2,City Commute,Yes,Two-Wheeler,4.5,Yes,No,20,700,7.2,7.8,Yes,60,15500,20,7.6,65000,4.2,82,80,78,7.6,28,180000,6500,1800,2,8000,15,8.5,50,4.5,1.0,No,January,30,1st Gen,6.5,5.2,6.5,103.5,89.5,8.5,8.0,Semi-Urban,4,80,20,12,0,16,4000000,50,18,Yes,Yes,No,Yes,7.5,Pristine White,5,18000,8000,8200,7.2,1.9,1000000,600000,41.5,28000,1300,875000
EV052,MG,Comet EV,Exclusive,2024,Hatchback,Micro,Dedicated EV,LFP,17.3,16.5,8,120000,10,Air Cooled,CATL,Under Floor,Permanent Magnet Synchronous,1,30,42,20,110,2,FWD,230,180,150,10.6,94,NA,NA,3.3,7,9,Type 2,Front,No,No,No,4,3,2974,1505,1640,2010,165,828,150,0,0.36,4.2,100,15.0,2,4,Yes,Yes,No,No,No,None,3,No,No,No,No,Rear,No,No,Yes,IP67,10.25,NA,Yes,Yes,Yes,No,Yes,Yes,None,Manual,No,Yes,Yes,No,No,No,No,No,No,No,12,Yes,Yes,No,No,Yes,No,No,No,1007000,1160000,907000,100000,0,0,9000,No,22000,58208,Tata Tiago EV,699000,Citroen eC3,1199000,Tata Punch EV,969000,NA,NA,1350000,0.75,5000,120,1300,2000,3,120000,Yes,3,50,38,No,No,Pune,Maharashtra,West,20-28,Female,5-12 LPA,Student,1,Short Commute,Yes,Two-Wheeler,3.0,No,Yes,12,400,8.2,8.5,No,36,28000,15,7.5,55000,4.1,72,72,73,7.2,24,150000,5500,1400,2,5000,18,5.5,65,8.5,1.1,No,April,26,1st Gen,6.5,5.2,7.0,103.5,89.5,8.5,8.0,Urban,8,310,30,25,0,22,3500000,55,22,Yes,Yes,No,No,7.2,Candy White,6,12000,5000,4800,8.0,2.1,1150000,500000,101.4,18000,950,1025000
EV054,Hyundai,Creta Electric,Smart 42kWh,2025,SUV,Compact SUV,Dedicated EV,NMC,42,40,8,160000,14,Active Liquid Cooling,SK Innovation,Under Floor,Permanent Magnet Synchronous,1,110,150,70,255,4,FWD,390,320,275,8.0,125,50,45,11,4,7,CCS2,Front Left,Yes,No,Yes,5,5,4330,1790,1645,2610,190,1570,433,0,0.32,5.3,160,9.0,3,6,Yes,Yes,Yes,Yes,Yes,Level 2,5,Yes,Yes,Yes,Yes,Front and Rear,Yes,Yes,Yes,IP67,10.25,4.2,Yes,Yes,Yes,Yes,Yes,Yes,None,Dual Zone,No,Yes,Yes,No,No,No,Yes,No,No,No,17,Yes,Yes,Yes,Yes,Yes,No,No,Yes,1803000,2080000,1703000,100000,0,0,15000,No,46000,42929,Tata Nexon EV,1769000,Mahindra XUV400,1599000,MG Windsor EV,1860000,Tata Curvv EV,1749000,2250000,1.2,10000,294,2800,4200,5,160000,Yes,3,62,50,No,No,Chennai,Tamil Nadu,South,30-42,Female,12-22 LPA,Salaried,3,Family Commute,Yes,Petrol,3.5,Yes,No,38,1300,8.0,8.2,Yes,60,34000,20,8.4,78000,4.5,88,84,82,8.3,30,160000,5800,1500,4,6000,18,8.0,90,7.0,1.05,No,January,6,1st Gen,6.5,5.2,7.5,103.5,89.5,8.5,8.0,Urban,9,250,32,25,0,20,6000000,48,18,Yes,Yes,Yes,No,8.2,Titan Grey,8,30000,6000,6200,6.8,1.5,2050000,1350000,33.6,40000,1850,1825000
EV055,Hyundai,Creta Electric,Prestige+ 51.4kWh,2025,SUV,Compact SUV,Dedicated EV,NMC,51.4,49,8,160000,14,Active Liquid Cooling,SK Innovation,Under Floor,Permanent Magnet Synchronous,1,135,184,85,255,4,FWD,473,385,330,8.0,125,100,30,11,5,8.5,CCS2,Front Left,Yes,No,Yes,5,5,4330,1790,1645,2610,190,1610,433,0,0.32,5.3,170,8.0,4,6,Yes,Yes,Yes,Yes,Yes,Level 2,5,Yes,Yes,Yes,Yes,Front and Rear,Yes,Yes,Yes,IP67,10.25,10.25,Yes,Yes,Yes,Yes,Yes,Yes,Panoramic,Dual Zone,No,Yes,Yes,Yes,No,Driver,Yes,No,Yes,No,17,Yes,Yes,Yes,Yes,Yes,No,No,Yes,2070000,2380000,1970000,100000,0,0,18000,Yes,52000,40272,MG ZS EV,2499000,Tata Curvv EV,1749000,Mahindra BE 6,1890000,BYD Atto 3,2499000,2600000,1.3,10000,360,3300,5000,5,160000,Yes,3,62,50,No,No,Kolkata,West Bengal,East,30-42,Male,15-25 LPA,Professional,4,Family Premium,Yes,Petrol,3.2,Yes,No,42,1500,8.2,8.5,Yes,60,38000,20,8.6,78000,4.5,88,85,84,8.5,32,160000,5800,1600,5,5500,16,7.5,95,6.5,1.08,No,January,6,1st Gen,6.5,5.2,7.0,103.5,89.5,8.5,8.0,Urban,6,120,28,20,0,18,6500000,50,20,Yes,Yes,Yes,No,8.5,Robust Emerald,8,38000,5500,5500,6.2,1.4,2400000,1500000,38.0,42000,2000,2100000
EV056,Maruti Suzuki,e Vitara,Delta 49kWh,2025,SUV,Compact SUV,Dedicated EV (HEARTECT-e),LFP,49,46.5,8,160000,12,Active Liquid Cooling,TDK (Toshiba),Skateboard,Permanent Magnet Synchronous,1,106,144,70,189,3,FWD,440,360,310,7.7,130,50,50,7.2,7,11,CCS2,Front Left,No,No,Yes,5,5,4275,1800,1635,2700,185,1540,450,0,0.33,5.2,150,9.5,3,7,Yes,Yes,Yes,Yes,Yes,Level 2,5,Yes,Yes,No,Yes,Front and Rear,No,Yes,Yes,IP67,9,7,Yes,Yes,Yes,Yes,Yes,No,None,Dual Zone,No,Yes,Yes,No,No,No,No,No,No,No,16,Yes,Yes,Yes,No,No,No,No,Yes,1599000,1840000,1499000,100000,0,0,14000,No,40000,32633,Tata Curvv EV,1749000,Hyundai Creta EV,1803000,Tata Nexon EV,1249000,Mahindra XUV400,1599000,2050000,1.1,8000,343,3000,4500,3,160000,Yes,4,65,52,Yes,No,Surat,Gujarat,West,28-38,Male,10-18 LPA,Business,4,Family + Value,Yes,Petrol,4.2,Yes,No,35,1100,7.5,7.5,Yes,60,28000,20,8.0,92000,4.3,90,80,78,7.8,28,220000,8000,2000,3,7000,16,8.5,NA,5.5,1.0,No,February,5,1st Gen,6.5,5.2,6.5,103.5,89.5,8.5,8.0,Urban,5,100,22,15,0,16,5500000,45,18,Yes,Yes,Yes,Yes,7.8,Pearl Arctic White,6,25000,7000,6500,7.0,1.6,1850000,1150000,39.1,38000,1650,1625000
EV057,Tata,Nexon EV,Fearless MR 30kWh,2025,SUV,Compact SUV,Modified ICE,LFP,30,28.5,8,160000,12,Active Liquid Cooling,Gotion High-Tech,Under Floor,Permanent Magnet Synchronous,1,95,129,60,215,4,FWD,325,275,235,9.6,104,50,57,7.2,5,8,CCS2,Front Left,Yes,No,Yes,5,5,3993,1811,1616,2498,205,1520,350,0,0.34,5.3,140,9.2,4,6,Yes,Yes,Yes,Yes,Yes,Level 1,5,Yes,No,No,No,Front and Rear,No,No,Yes,IP67,12.3,7,Yes,Yes,Yes,Yes,Yes,Yes,Electric,Dual Zone,No,Yes,Yes,No,No,No,Yes,No,No,No,16,Yes,Yes,Yes,Yes,Yes,No,No,Yes,1499000,1720000,1399000,100000,0,0,14000,No,40000,49967,MG Windsor EV,1410000,Mahindra XUV400,1549000,Tata Curvv EV,1749000,Hyundai Creta EV,1803000,2000000,1.1,9000,210,2500,3800,8,160000,Yes,4,62,50,No,No,Coimbatore,Tamil Nadu,South,28-38,Male,10-18 LPA,Salaried,4,Family + Commute,Yes,Petrol,3.8,Yes,Yes,42,1400,8.0,8.0,Yes,60,28000,20,8.2,85000,4.4,85,83,82,8.2,30,180000,6500,1800,4,7500,18,14.5,55,6.5,1.02,No,March,4,2nd Gen,6.5,5.2,7.0,103.5,89.5,8.5,8.0,Semi-Urban,6,130,28,20,0,18,6500000,48,18,Yes,Yes,Yes,Yes,8.2,Daytona Grey,9,28000,7500,7800,6.5,1.5,1700000,1050000,42.9,38000,1800,1525000
EV058,Mahindra,XUV400,EL Pro+ 39.4kWh,2025,SUV,Compact SUV,Modified ICE,NMC,39.4,37.5,8,150000,14,Active Liquid Cooling,LG Energy Solution,Under Floor,Permanent Magnet Synchronous,1,110,150,70,310,3,FWD,456,375,320,9.5,105,50,50,7.2,6.5,11,CCS2,Front Left,No,No,Yes,5,5,4200,1821,1627,2600,180,1590,378,0,0.35,5.3,150,8.3,3,6,Yes,Yes,Yes,Yes,Yes,Level 1,5,Yes,No,No,No,Front and Rear,Yes,No,Yes,IP67,10.25,7,Yes,Yes,Yes,Yes,Yes,Yes,Single Pane,Auto,No,Yes,Yes,No,No,No,Yes,No,No,No,16,Yes,Yes,Yes,Yes,Yes,No,No,Yes,1699000,1960000,1599000,100000,0,0,16000,No,44000,43122,Tata Nexon EV,1499000,MG Windsor EV,1860000,Tata Curvv EV,1749000,Hyundai Creta EV,1803000,2250000,1.3,9000,275,2800,4200,5,150000,Yes,3,55,42,No,No,Vizag,Andhra Pradesh,South,30-42,Male,12-20 LPA,Business,5,Family SUV,Yes,Diesel,3.8,Yes,No,48,1500,7.5,7.2,Yes,60,32000,20,7.5,42000,4.1,80,74,75,7.2,25,95000,3500,850,5,4500,25,6.2,45,4.5,0.95,No,March,16,1st Gen (Refresh),6.5,5.2,7.0,103.5,89.5,8.5,8.0,Semi-Urban,4,90,22,15,0,16,4000000,42,18,Yes,Yes,No,No,7.5,Everest White,7,30000,4500,4200,7.2,1.6,1900000,1150000,47.7,45000,1850,1650000
EV059,Tata,Curvv EV,Accomplished+ 55kWh,2025,SUV,Compact SUV Coupe,Dedicated EV (Acti.ev),NMC,55,52,8,160000,14,Active Liquid Cooling,Gotion High-Tech,Skateboard,Permanent Magnet Synchronous,1,125,167,75,215,4,FWD,585,470,400,9.0,111,70,40,7.2,8,13,CCS2,Front Left,Yes,No,Yes,5,5,4310,1810,1630,2560,190,1680,500,0,0.32,5.2,160,8.6,4,6,Yes,Yes,Yes,Yes,Yes,Level 2,5,Yes,Yes,Yes,Yes,Front and Rear,Yes,Yes,Yes,IP67,12.3,10.25,Yes,Yes,Yes,Yes,Yes,Yes,Panoramic,Dual Zone,Yes,Yes,Yes,Yes,No,Driver,Yes,Yes,Yes,No,18,Yes,Yes,Yes,Yes,Yes,No,No,Yes,2149000,2480000,2049000,100000,0,0,18000,Yes,52000,39073,Hyundai Creta EV LR,2382000,Mahindra BE 6,1890000,MG ZS EV,2499000,BYD Atto 3,2499000,2600000,1.3,9000,385,3600,5500,8,160000,Yes,4,60,48,No,No,Jaipur,Rajasthan,North,30-40,Female,15-25 LPA,Professional,3,Premium Commute,Yes,Petrol,3.0,Yes,No,40,1400,8.5,8.8,Yes,60,40000,20,8.5,95000,4.5,86,84,83,8.5,32,210000,7200,1900,5,6000,16,9.5,85,5.0,1.08,No,August,11,1st Gen,6.5,5.2,7.5,103.5,89.5,8.5,8.0,Urban,6,120,30,22,0,20,7000000,50,20,Yes,Yes,Yes,Yes,8.8,Pure Grey,8,40000,5500,5800,6.0,1.3,2500000,1450000,48.2,40000,1900,2200000
EV060,Kia,Carens Clavis EV,Prestige 60kWh,2025,MPV,Compact MPV,Dedicated EV,LFP,60,57,8,160000,12,Active Liquid Cooling,CATL,Under Floor,Permanent Magnet Synchronous,1,135,184,85,310,3,FWD,480,390,335,6.8,147,100,30,11,5.5,9.5,CCS2,Front Left,Yes,No,Yes,6,5,4545,1850,1700,2780,190,1780,500,0,0.32,5.5,170,8.5,3,6,Yes,Yes,Yes,Yes,Yes,Level 2,5,Yes,Yes,Yes,Yes,Front and Rear,Yes,Yes,Yes,IP67,12.3,4.2,Yes,Yes,Yes,Yes,Yes,Yes,Single Pane,Dual Zone,No,Yes,Yes,No,No,No,Yes,No,Yes,No,17,Yes,Yes,Yes,Yes,Yes,No,No,Yes,2100000,2420000,2000000,100000,0,0,18000,Yes,52000,35000,BYD eMAX 7,2690000,MG Windsor EV,1860000,Hyundai Creta EV,2382000,Mahindra XEV 9e,2190000,2600000,1.3,9000,420,3500,5200,5,160000,Yes,3,60,48,No,No,Pune,Maharashtra,West,32-45,Male,15-30 LPA,Salaried,5,Family 6-Seater,Yes,Diesel,3.2,No,No,40,1300,8.0,8.5,Yes,60,40000,20,8.2,48000,4.3,85,82,80,8.0,28,110000,4200,1100,4,4000,18,5.5,NA,8.0,1.05,No,March,4,1st Gen,6.5,5.2,7.5,103.5,89.5,8.5,8.0,Urban,10,310,35,28,0,22,5500000,48,18,Yes,Yes,Yes,No,8.2,Glacier White,6,35000,4000,3800,6.5,1.4,2450000,1500000,40.0,42000,1850,2150000
